Column,Test_Accuracy
text_no_punctuation,0.9215355278376942
text_with_punctuation,0.9233330207258745
text_without_negations,0.9251305136140549
text_with_negations,0.9266310294163619
data_text_1,0.9225671324517803
data_text_2,0.9213010722435837
data_text_3,0.9218325049235675
data_text_4,0.922895370283535
